geo_code,label,elec_rs_15,elec_ns_15,elec_tot15,POP_JOIN,X_cor,Y_cor
S12000023,S92000003S12000023,81.52069495,119.7262747,201.2469697,21349,-3.033491394,59.02999742
S12000027,S92000003S12000027,102.3518919,109.3110323,211.6629242,23167,-1.250654414,60.39679928
S12000013,S92000003S12000013,90.95177672,70.8571743,161.808951,27684,-6.866679911,57.91165175
E07000191,E92000001E07000191,78.29605747,169.0816716,247.3777291,34675,-3.489124583,51.1334391
E06000017,E92000001E06000017,74.73741407,275.6996418,350.4370559,37369,-0.653056909,52.66038428
E07000051,E92000001E07000051,90.96547369,287.9817513,378.947225,44973,-2.129886752,50.68108043
E07000048,E92000001E07000048,87.36785209,134.3203588,221.6882109,47752,-1.786823831,50.7609172
E07000133,E92000001E07000133,95.61523591,192.9298205,288.5450564,50376,-0.854573142,52.79610483
S12000005,S92000003S12000005,90.52623134,124.5766136,215.1028449,51442,-3.740835731,56.15056529
E07000167,E92000001E07000167,110.8839641,240.3179254,351.2018895,51751,-0.850647053,54.21040932
E07000166,E92000001E07000166,103.74486,137.6093241,241.3541841,51965,-1.932542491,54.36136389
E07000030,E92000001E07000030,126.350318,244.7719769,371.1222948,52564,-2.620690692,54.61282201
E07000047,E92000001E07000047,112.2912721,153.9427968,266.2340689,53553,-4.044967173,50.65569994
E07000163,E92000001E07000163,102.3706529,156.8602243,259.2308772,55409,-2.173119448,54.0797107
E07000135,E92000001E07000135,84.54884294,109.4420471,193.99089,56170,-1.091889603,52.58675186
E07000124,E92000001E07000124,114.1993287,339.6829923,453.882321,57132,-2.443260915,53.90708955
W06000024,W92000004W06000024,82.4116027,129.1286731,211.5402758,58802,-3.359903878,51.74054886
E07000201,E92000001E07000201,125.3367788,284.6046244,409.9414032,59748,0.533295939,52.3543958
E07000223,E92000001E07000223,111.8022155,101.1041681,212.9063836,61182,-0.29704378,50.843892
E07000150,E92000001E07000150,101.4190789,352.0063291,453.425408,61255,-0.694334308,52.49868565
E07000074,E92000001E07000074,137.2708175,203.0194095,340.290227,61629,0.784819743,51.70923231
E07000218,E92000001E07000218,115.8945571,485.9932411,601.8877982,62014,-1.626556365,52.54716752
E07000046,E92000001E07000046,132.4455744,187.0639904,319.5095648,63839,-4.249656497,50.8869977
E07000136,E92000001E07000136,118.6001301,221.7432751,340.3434052,64637,-0.020574903,52.97385529
E07000053,E92000001E07000053,111.5345285,120.0750767,231.6096052,65167,-2.454060825,50.60895428
E07000006,E92000001E07000006,146.6636068,226.247965,372.9115718,66867,-0.588491145,51.55588738
E07000125,E92000001E07000125,125.9812946,217.6671303,343.6484248,67982,-2.265861897,53.69359731
E07000050,E92000001E07000050,142.4579893,172.2835829,314.7415722,68583,-2.245017431,50.91200025
E07000027,E92000001E07000027,113.3368628,162.188438,275.5253008,69087,-3.210991242,54.12645398
W06000001,W92000004W06000001,147.6587314,289.328391,436.9871224,69751,-4.373180534,53.28548376
W06000019,W92000004W06000019,96.0914513,156.1247085,252.2161598,69814,-3.192568686,51.76632312
E07000029,E92000001E07000029,131.7802623,107.5230118,239.3032741,70603,-3.372072082,54.41396347
E07000035,E92000001E07000035,145.8602045,294.4280843,440.2882888,71116,-1.692137439,53.12816089
E07000068,E92000001E07000068,149.6483467,155.7853067,305.4336534,73601,0.31241497,51.63815008
E07000235,E92000001E07000235,148.8166885,149.0438763,297.8605648,74631,-2.343644516,52.18255679
E07000208,E92000001E07000208,134.0990177,110.6617415,244.7607592,75102,-0.259868035,51.33864636
E07000156,E92000001E07000156,129.5920995,272.1685117,401.7606112,75356,-0.71078162,52.2874001
E07000119,E92000001E07000119,155.1521427,232.1063551,387.2584977,75757,-2.921478949,53.7837451
E07000033,E92000001E07000033,122.8279985,228.9807026,351.8087011,75866,-1.275694851,53.21540575
W06000008,W92000004W06000008,154.8502361,316.7281919,471.578428,75922,-4.071000984,52.25559305
E07000199,E92000001E07000199,127.4131116,212.9677081,340.3808197,76813,-1.676372586,52.62607792
E07000042,E92000001E07000042,151.6472706,217.8232942,369.4705648,77750,-3.554981585,50.8756916
E07000151,E92000001E07000151,166.6543195,277.062938,443.7172575,77843,-1.046509224,52.31564911
E07000077,E92000001E07000077,177.0315233,205.8520947,382.883618,79443,0.281387029,51.93423411
E07000212,E92000001E07000212,156.8755703,256.8764665,413.7520368,80510,-0.539771933,51.39327798
E07000120,E92000001E07000120,131.4940967,269.5789846,401.0730812,80734,-2.388361839,53.75843921
S12000018,S92000003S12000018,150.8855528,178.8825298,329.7680826,81485,-4.741471336,55.9044756
E07000083,E92000001E07000083,144.3807031,331.1429748,475.5236779,81943,-2.085922277,51.9451784
E07000073,E92000001E07000073,130.6602678,214.1025365,344.7628043,81944,0.1101891,51.76786557
E07000080,E92000001E07000080,163.6122591,256.0277334,419.6399925,81961,-2.48842617,51.82800624
E07000088,E92000001E07000088,137.1594868,153.7316985,290.8911853,82622,-1.157913164,50.8046844
E07000079,E92000001E07000079,219.6887442,247.2898849,466.9786291,82881,-1.890997211,51.81623309
E07000215,E92000001E07000215,177.2549257,161.7583654,339.0132911,82998,-0.041795915,51.22653204
E07000044,E92000001E07000044,197.8734393,269.8387192,467.7121585,83140,-3.821855229,50.37344823
S12000019,S92000003S12000019,144.1367632,236.3517933,380.4885565,83187,-3.108954133,55.83225692
E07000075,E92000001E07000075,153.0402511,129.4979344,282.5381855,83287,0.811212246,51.59085596
E07000169,E92000001E07000169,146.5557309,342.2176123,488.7733432,83449,-1.133127748,53.78689412
E07000009,E92000001E07000009,163.3004041,252.8495668,416.1499709,83818,0.296291082,52.34263293
E07000101,E92000001E07000101,0,0,0,83957,-0.187748319,51.90386663
E07000236,E92000001E07000236,126.7178266,230.0639413,356.7817679,84214,-1.950410745,52.28189952
E07000155,E92000001E07000155,182.5492105,265.6129043,448.1621148,85189,-1.041125504,52.12220711
E07000210,E92000001E07000210,178.8784226,272.6478983,451.5263209,85375,-0.323544791,51.21177529
E07000131,E92000001E07000131,165.9262532,251.9978149,417.9240681,85382,-1.006345519,52.53895589
E07000214,E92000001E07000214,163.8150161,243.8772425,407.6922586,86144,-0.66898527,51.34240734
E07000152,E92000001E07000152,164.7876601,337.995652,502.7833121,86765,-0.521829032,52.45730546
E07000117,E92000001E07000117,148.5273716,217.624044,366.1514156,87059,-2.220499931,53.77872825
E07000049,E92000001E07000049,170.813135,159.1665342,329.9796692,87166,-1.960171687,50.8631739
E07000102,E92000001E07000102,168.9733397,162.3953634,331.3687031,87317,-0.45901497,51.6604974
E07000200,E92000001E07000200,184.7893705,231.1364759,415.9258464,87740,0.917038529,52.0500809
E07000069,E92000001E07000069,164.2168139,95.40415009,259.620964,88011,0.595720093,51.53605963
S12000035,S92000003S12000035,277.1223508,315.0856029,592.2079537,88166,-5.500373733,56.12366858
E07000140,E92000001E07000140,174.7578306,343.9390099,518.6968405,88270,-0.028759074,52.79807341
E07000164,E92000001E07000164,176.1004378,324.2006999,500.3011377,89140,-1.317658734,54.2869046
E07000142,E92000001E07000142,160.9819737,237.1773014,398.1592751,89250,-0.475321519,53.39253599
E07000122,E92000001E07000122,151.697832,236.6723401,388.3701721,89452,-2.1834576,53.86530423
S12000030,S92000003S12000030,188.5136792,278.3231287,466.8368079,90247,-4.339695985,56.24442
E07000062,E92000001E07000062,159.7480493,160.296186,320.0442353,90254,0.572029245,50.86874236
E07000103,E92000001E07000103,148.8143057,287.6942354,436.5085411,90301,-0.401795872,51.66762373
S12000011,S92000003S12000011,165.0433571,78.72672503,243.7700821,90574,-4.358311879,55.75319185
E07000064,E92000001E07000064,199.1072993,193.18428,392.2915793,90588,0.54096232,50.95097731
S12000039,S92000003S12000039,153.8969102,188.9134053,342.8103155,90720,-4.516420561,55.98499308
E07000037,E92000001E07000037,133.0109365,490.244618,623.2555545,90892,-1.87240835,53.37280003
E07000089,E92000001E07000089,171.6918869,208.3211286,380.0130155,91033,-0.8959502,51.28431546
W06000020,W92000004W06000020,128.8186659,281.4256668,410.2443327,91075,-3.052191279,51.69816644
W06000021,W92000004W06000021,156.1066809,226.5687641,382.675445,91323,-2.866289563,51.75765025
E06000001,E92000001E06000001,141.1141612,316.2191717,457.3333329,92028,-1.253986724,54.66894991
E07000005,E92000001E07000005,194.5828297,161.0555601,355.6383898,92635,-0.6262295,51.68004409
S12000020,S92000003S12000020,191.522917,397.2433055,588.7662225,93295,-3.265695227,57.47616244
E07000134,E92000001E07000134,172.8064504,383.9010121,556.7074625,93468,-1.40350035,52.75280524
E07000153,E92000001E07000153,167.0098734,254.7457433,421.7556167,93475,-0.763927872,52.42576837
E07000138,E92000001E07000138,141.656204,265.1479766,406.8041806,93541,-0.553295117,53.22441989
E07000095,E92000001E07000095,168.6674673,269.8982817,438.565749,93609,-0.045735489,51.72463205
E07000234,E92000001E07000234,163.204634,160.3659881,323.5706221,93637,-2.014614474,52.36137722
E07000043,E92000001E07000043,176.8577127,300.639708,477.4974207,93667,-3.913854894,51.06936833
W06000004,W92000004W06000004,163.8192175,435.885508,599.7047255,93734,-3.352977909,53.09188861
E07000092,E92000001E07000092,146.8456861,261.5221441,408.3678302,93807,-0.765958363,51.27292449
E07000129,E92000001E07000129,157.3559474,248.9184905,406.2744379,93915,-1.220429662,52.5711532
E07000039,E92000001E07000039,164.4200987,373.7135076,538.1336063,94611,-1.558039908,52.83070484
E07000010,E92000001E07000010,187.5906223,332.9627215,520.5533438,95262,0.062484109,52.56254105
E07000213,E92000001E07000213,172.6242929,200.4354475,373.0597404,95598,-0.466442765,51.42429527
E07000026,E92000001E07000026,185.8885217,342.213898,528.1024197,96422,-3.245416895,54.71154179
E07000203,E92000001E07000203,212.6637017,441.6684516,654.3321533,96731,1.094348782,52.24642699
E07000198,E92000001E07000198,159.2866828,332.269432,491.5561148,97106,-1.979800637,53.07908455
E07000145,E92000001E07000145,184.9497615,221.6444005,406.594162,97277,1.663195034,52.64042435
E07000107,E92000001E07000107,167.1929642,271.8697175,439.0626817,97365,0.254802225,51.43092661
E07000192,E92000001E07000192,134.8776661,176.9122022,311.7898683,97462,-1.978776338,52.71205897
E07000063,E92000001E07000063,184.7378029,172.0182011,356.756004,97502,0.006564818,50.88158247
E07000239,E92000001E07000239,168.0621978,217.4934755,385.5556733,97975,-2.273253371,52.37919665
E07000237,E92000001E07000237,153.9795615,272.3372795,426.316841,98768,-2.209928217,52.19629672
E07000038,E92000001E07000038,160.6809386,272.9899959,433.6709345,99023,-1.446792041,53.22559812
E07000217,E92000001E07000217,187.9454128,408.4447745,596.3901873,99198,-0.559220115,51.31334869
E07000052,E92000001E07000052,222.0440841,283.9756416,506.0197257,99264,-2.577141259,50.78396832
E07000061,E92000001E07000061,170.3294154,215.0719236,385.401339,99412,0.267807954,50.77549879
S12000010,S92000003S12000010,195.281711,275.6661366,470.9478476,99717,-2.71937725,55.94204027
E07000098,E92000001E07000098,187.5635445,272.7283208,460.2918653,100031,-0.27950052,51.6767925
E07000220,E92000001E07000220,183.1293311,488.1072785,671.2366096,100075,-1.326843072,52.38404714
E07000194,E92000001E07000194,166.7380311,263.5196004,430.2576315,100654,-1.803506931,52.68785057
E07000147,E92000001E07000147,249.9467349,293.6421677,543.5889026,101499,1.170646015,52.85035459
E07000109,E92000001E07000109,166.6550662,307.6156178,474.270684,101720,0.396673753,51.40461243
E07000031,E92000001E07000031,237.7777697,347.4938636,585.2716333,103658,-2.848567913,54.29261115
E07000034,E92000001E07000034,161.5789973,263.8788959,425.4578932,103788,-1.399685954,53.25599339
E07000174,E92000001E07000174,165.8967183,247.0845622,412.9812805,104466,-1.17120266,53.17043376
E07000229,E92000001E07000229,189.8054391,212.322384,402.1278231,104640,-0.394459204,50.82775558
E07000181,E92000001E07000181,224.2516394,322.0130452,546.2646846,104779,-1.50540091,51.83720632
S12000045,S92000003S12000045,187.1508373,165.0929294,352.2437667,105026,-4.224259901,55.95610195
E07000132,E92000001E07000132,192.2049172,262.5220828,454.727,105078,-1.389523465,52.61613325
E06000005,E92000001E06000005,172.2675106,261.2016755,433.4691861,105564,-1.551059138,54.5485731
E07000226,E92000001E07000226,165.4284528,417.2478923,582.6763451,106597,-0.180446046,51.12492328
E07000118,E92000001E07000118,195.6091955,194.2703173,389.8795128,107155,-2.646462503,53.66126046
E07000028,E92000001E07000028,207.7421256,392.4482306,600.1903562,107524,-2.806668697,54.97097721
E07000128,E92000001E07000128,204.9935831,325.1669382,530.1605213,107749,-2.85258716,53.90276847
E07000139,E92000001E07000139,202.6407237,344.6936715,547.3343952,107766,-0.444514619,53.08085492
E07000112,E92000001E07000112,197.3596952,428.4615219,625.8212171,107969,0.995878236,51.05327926
E07000196,E92000001E07000196,179.5789762,265.2271467,444.8061229,108131,-2.17524825,52.62522285
E07000168,E92000001E07000168,207.2177744,345.4675548,552.6853292,108793,-0.63380356,54.36634262
E07000126,E92000001E07000126,188.573536,303.5232489,492.0967849,109057,-2.708822956,53.7279113
E07000187,E92000001E07000187,207.8780316,369.3587579,577.2367895,109279,-2.543221628,51.20238117
E07000172,E92000001E07000172,179.3705115,178.2980469,357.6685584,109487,-1.260594893,52.97614014
E07000190,E92000001E07000190,196.1874047,253.9452161,450.1326208,110187,-3.155983722,51.00998872
E07000104,E92000001E07000104,0,0,0,110535,-0.192515224,51.766441
E07000127,E92000001E07000127,206.3538597,328.2549025,534.6087622,110685,-2.881226007,53.60940994
E07000204,E92000001E07000204,201.8329138,377.2135559,579.0464697,111008,0.676160634,52.23305068
E07000176,E92000001E07000176,196.7836213,253.2696193,450.0532406,111129,-1.035977355,52.90052419
E07000087,E92000001E07000087,190.6536738,250.4851467,441.1388205,111581,-1.223503921,50.85202822
E07000108,E92000001E07000108,187.601478,309.3725419,496.9740199,111674,1.290993382,51.21183874
E07000036,E92000001E07000036,185.3511849,239.0097395,424.3609244,112081,-1.345210976,52.93517583
E07000082,E92000001E07000082,215.3421093,325.0884397,540.430549,112779,-2.298647469,51.72881542
S12000028,S92000003S12000028,217.2361605,315.5203319,532.7564924,112799,-4.687376914,55.26875412
E07000171,E92000001E07000171,195.9140151,389.0199225,584.9339376,112863,-0.957295557,53.33254141
E06000036,E92000001E06000036,202.3510035,295.6299036,497.9809071,113205,-0.738177502,51.40761702
E07000173,E92000001E07000173,200.3122184,169.5563572,369.8685756,113543,-1.117816785,53.02807462
E07000193,E92000001E07000193,196.5105998,445.4264479,641.9370477,113583,-1.810812256,52.86302315
E07000225,E92000001E07000225,268.6956593,340.5746169,609.2702762,113794,-0.740738326,50.9365833
S12000026,S92000003S12000026,264.417035,320.0073495,584.4243845,113870,-2.786259065,55.57648179
E07000188,E92000001E07000188,218.7023623,409.6257684,628.3281307,114588,-2.951324319,51.18432796
E07000175,E92000001E07000175,210.6025817,413.0363612,623.6389429,114817,-0.918159012,53.12367926
E07000111,E92000001E07000111,247.7128264,247.8147838,495.5276102,114893,0.173722708,51.27496203
E07000116,E92000001E07000116,226.1570562,335.4023363,561.5593925,115049,0.432332145,51.11381628
W06000003,W92000004W06000003,197.1498495,234.578685,431.7285345,115228,-3.735223435,53.14069989
E07000206,E92000001E07000206,215.5736874,354.4235001,569.9971875,115254,1.586631137,52.41885925
E07000085,E92000001E07000085,238.1306823,235.0100611,473.1407434,115608,-0.953576037,51.07411456
E07000078,E92000001E07000078,191.3779356,330.4534165,521.8313521,115732,-2.072630564,51.89656969
S12000041,S92000003S12000041,256.9378142,276.8745454,533.8123596,115978,-2.91602671,56.72417321
E07000093,E92000001E07000093,237.2700204,370.9103322,608.1803526,116398,-1.509207585,51.12809138
E07000094,E92000001E07000094,228.6455443,410.3544203,638.9999646,116595,-1.219764045,51.02772315
E07000238,E92000001E07000238,220.4086472,401.5050143,621.9136615,116944,-2.049649811,52.16390435
E07000041,E92000001E07000041,175.1552052,411.9423489,587.0975541,117773,-3.508985912,50.72108427
E07000105,E92000001E07000105,226.353521,304.1390321,530.4925531,117956,0.813115561,51.12475872
E07000170,E92000001E07000170,196.2363255,411.0952953,607.3316208,119497,-1.257631563,53.09197877
E07000221,E92000001E07000221,257.9010198,392.885676,650.7866958,120485,-1.621496906,52.17840105
E07000090,E92000001E07000090,209.6186331,229.6436968,439.2623299,120684,-0.987763616,50.8374865
E07000115,E92000001E07000115,223.1258931,345.7868656,568.9127587,120805,0.359568361,51.27309017
E07000180,E92000001E07000180,238.9128094,492.7558244,731.6686338,120988,-1.440142433,51.63375637
E07000216,E92000001E07000216,252.2791844,213.7220584,466.0012428,121572,-0.631194927,51.14926
E07000081,E92000001E07000081,191.0366033,304.1656484,495.2022517,121688,-2.238890881,51.84892946
W06000002,W92000004W06000002,250.1284821,339.6328939,589.761376,121874,-4.023392388,52.89457058
E07000032,E92000001E07000032,217.0023003,368.7166573,585.7189576,122309,-1.465085582,53.02894802
W06000009,W92000004W06000009,227.2453736,851.8966625,1079.142036,122439,-4.886002428,51.85340908
S12000008,S92000003S12000008,201.7660147,248.9912178,450.7572325,122767,-4.313078614,55.48537454
E07000008,E92000001E07000008,177.9831259,516.7760613,694.7591872,123867,0.134585647,52.19893879
E07000195,E92000001E07000195,186.2140737,296.7878222,483.0018959,123871,-2.317350702,52.99287316
E07000149,E92000001E07000149,269.4999959,289.9369419,559.4369378,124012,1.277777069,52.51415807
E07000045,E92000001E07000045,239.2963141,270.4182892,509.7146033,124220,-3.655258707,50.60581513
E07000205,E92000001E07000205,270.1079357,290.1946527,560.3025884,124298,1.413850978,52.16240547
E07000144,E92000001E07000144,237.2417213,268.2344545,505.4761758,124646,1.312025301,52.70079745
E07000072,E92000001E07000072,261.5038112,229.8703219,491.3741331,124659,0.150381005,51.70839415
E07000086,E92000001E07000086,205.9508932,336.3397086,542.2906018,125199,-1.325769717,50.93248818
E07000219,E92000001E07000219,211.142703,251.63878,462.781483,125252,-1.474382658,52.50076117
E06000006,E92000001E06000006,221.4057929,445.870963,667.2767559,125746,-2.717421283,53.34348966
W06000014,W92000004W06000014,196.9700549,344.8072577,541.7773126,126336,-3.398034737,51.44429201
E07000099,E92000001E07000099,235.4857754,335.7704285,571.2562039,127114,-0.190900932,51.95864714
E07000143,E92000001E07000143,270.3583536,362.9350135,633.2933671,130491,0.839047235,52.58773102
E07000197,E92000001E07000197,213.4983382,345.7811865,559.2795247,130869,-2.175071152,52.84785162
E07000207,E92000001E07000207,288.0185899,292.6144347,580.6330246,130875,-0.390598727,51.35661737
E06000027,E92000001E06000027,229.6267446,238.280543,467.9072876,130959,-3.529015943,50.44004277
E07000227,E92000001E07000227,275.7180184,277.7685849,553.4866033,131301,-0.364717523,50.99326851
E07000040,E92000001E07000040,259.1779966,273.4356063,532.6136029,132457,-3.223170496,50.76365214
E07000148,E92000001E07000148,207.3636516,429.5380601,636.9017117,132512,1.284609229,52.63143114
W06000023,W92000004W06000023,255.2197527,509.2500771,764.4698298,132976,-3.408497456,52.32525857
E07000202,E92000001E07000202,223.2604478,300.0431807,523.3036285,133384,1.161547857,52.05541276
E07000141,E92000001E07000141,260.8966023,420.7491286,681.6457309,133788,-0.516643103,52.85410168
E07000114,E92000001E07000114,243.0912681,314.8935217,557.9847898,134186,1.34244029,51.3539397
E07000179,E92000001E07000179,289.5180086,520.9844307,810.5024393,134257,-1.069998618,51.63338406
W06000006,W92000004W06000006,208.9499686,777.8593385,986.8093071,134844,-3.016397831,52.98995683
E06000003,E92000001E06000003,209.9963386,208.1153055,418.1116441,135177,-1.019986072,54.55345353
E07000113,E92000001E07000113,239.8343481,423.1539043,662.9882524,135835,0.814873631,51.34115061
E07000137,E92000001E07000137,284.9830215,431.1216776,716.1046991,136401,0.031612559,53.2498034
E07000209,E92000001E07000209,261.4968195,328.9284186,590.4252381,137183,-0.560089951,51.24724925
E07000222,E92000001E07000222,253.0510247,431.4261115,684.4771362,137648,-1.583214335,52.30960874
E07000097,E92000001E07000097,0,0,0,137687,-0.006591393,51.86463125
E07000211,E92000001E07000211,264.449751,304.3472911,568.7970421,137835,-0.190283227,51.25269696
E07000076,E92000001E07000076,275.3202127,286.9269238,562.2471365,138048,1.116794055,51.87097257
S12000021,S92000003S12000021,259.8718354,405.0562914,664.9281268,138146,-4.978308809,55.65057756
E06000046,E92000001E06000046,272.8623869,292.1786691,565.041056,138265,-1.294769884,50.67537655
E07000121,E92000001E07000121,242.1658592,347.2451257,589.4109849,138375,-2.713462409,54.06892456
E06000002,E92000001E06000002,202.9910078,392.6138769,595.6048847,138412,-1.220839814,54.54234946
W06000013,W92000004W06000013,201.6430079,424.3574498,626.0004577,139178,-3.599167737,51.55539316
W06000012,W92000004W06000012,204.1021404,1401.479773,1605.581914,139812,-3.742196433,51.67932987
E07000228,E92000001E07000228,267.1008207,250.9870031,518.0878238,139860,-0.125351229,51.02035765
E07000123,E92000001E07000123,232.8018501,397.5517891,630.3536392,140202,-2.696230539,53.81161036
E06000039,E92000001E06000039,199.3245788,787.0820577,986.4066365,140205,-0.584705237,51.50789561
E07000100,E92000001E07000100,0,0,0,140664,-0.340906835,51.7716188
E07000177,E92000001E07000177,261.2192147,448.688704,709.9079187,141868,-1.274382971,51.95847136
E06000009,E92000001E06000009,267.7470547,305.454496,573.2015507,142065,-3.034155373,53.81747922
E06000040,E92000001E06000040,289.7724366,456.6453621,746.4177987,144560,-0.698018155,51.48518074
E07000096,E92000001E07000096,262.2799136,354.4270659,616.7069795,144847,-0.539346156,51.77771586
W06000022,W92000004W06000022,215.861421,595.1068324,810.9682534,145736,-2.960807115,51.57304888
E08000011,E92000001E08000011,263.3723167,481.3474011,744.7197178,145893,-2.832719228,53.42488134
S12000024,S92000003S12000024,357.2106522,471.5002993,828.7109515,146652,-3.818516045,56.56598751
E07000067,E92000001E07000067,279.3636299,323.5952527,602.9588826,147084,0.591593045,51.94146988
S12000042,S92000003S12000042,302.2485469,417.2687407,719.5172876,147268,-2.968058862,56.47730535
E07000146,E92000001E07000146,341.7449725,799.0328173,1140.77779,147451,0.47386242,52.72538312
E06000008,E92000001E06000008,228.8629871,382.7272819,611.5902689,147489,-2.466162986,53.69242816
E06000029,E92000001E06000029,260.8464299,426.3780283,687.2244582,147645,-1.963750406,50.73976482
E08000023,E92000001E08000023,219.9291058,241.102551,461.0316568,148127,-1.442578721,54.96347802
E07000012,E92000001E07000012,283.5713106,445.3071021,728.8784127,148755,0.082893037,52.17240009
E07000065,E92000001E07000065,323.6690927,249.8975182,573.5666109,148915,0.200156165,50.96692586
E07000224,E92000001E07000224,288.3614469,262.001189,550.3626359,149518,-0.566221481,50.83969402
E07000106,E92000001E07000106,255.058756,398.7366489,653.7954049,151145,1.103360896,51.28332467
S12000006,S92000003S12000006,350.8325947,567.1246769,917.9572716,151324,-3.955496422,55.07056525
E07000178,E92000001E07000178,216.9358383,558.8568605,775.7926988,151906,-1.239502226,51.75413121
W06000005,W92000004W06000005,239.6736569,825.8093867,1065.483044,152506,-3.162000652,53.21762622
E06000037,E92000001E06000037,326.4782345,592.894892,919.3731265,153822,-1.303038109,51.44908913
E06000041,E92000001E06000041,283.9088672,400.8403644,684.7492316,154380,-0.882302936,51.42894973
E07000110,E92000001E07000110,285.8572513,393.5099315,679.3671828,155143,0.582260863,51.23445648
E06000038,E92000001E06000038,263.7357397,479.2336273,742.969367,155698,-0.982320006,51.45247969
S12000014,S92000003S12000014,291.9748951,363.5700867,655.5449818,155990,-3.789298846,55.99740663
E06000055,E92000001E06000055,283.531333,560.6988279,844.2301609,157479,-0.475503593,52.18880037
E06000034,E92000001E06000034,281.8854983,691.1666419,973.0521402,157705,0.374783412,51.50545982
E07000165,E92000001E07000165,303.6361553,575.0285932,878.6647485,157869,-1.594277947,54.06696411
E09000020,E92000001E09000020,373.5687962,1227.705719,1601.274516,158649,-0.190629301,51.50070866
E06000012,E92000001E06000012,235.3150618,572.4354575,807.7505193,159616,-0.131079508,53.54372057
E09000021,E92000001E09000021,269.0806925,351.4079718,620.4886643,160060,-0.285326328,51.38736924
E07000189,E92000001E07000189,331.5567636,481.7245832,813.2813468,161243,-2.708241292,50.98757623
E07000130,E92000001E07000130,266.8094315,449.3483915,716.157823,166100,-1.144635143,52.73665985
E06000020,E92000001E06000020,240.3582854,555.1091729,795.4674583,166641,-2.487406234,52.72988908
E06000013,E92000001E06000013,250.1251234,990.1098667,1240.23499,167446,-0.590900986,53.59365
E07000084,E92000001E07000084,312.7946705,541.3694151,854.1640856,167799,-1.19951329,51.27294087
E07000070,E92000001E07000070,322.460507,396.1182724,718.5787794,168310,0.482537579,51.72498478
E07000011,E92000001E07000011,305.3491947,522.1846901,827.5338848,169508,-0.21913779,52.37332351
E07000007,E92000001E07000007,325.7555593,366.1814581,691.9370174,171644,-0.813720082,51.64876956
E07000071,E92000001E07000071,318.0534036,421.2537978,739.3072014,173074,0.862598599,51.87209547
E06000033,E92000001E06000033,308.6258845,331.3283158,639.9542003,173658,0.730261887,51.53757268
E07000004,E92000001E07000004,342.0802963,424.5538501,766.6341464,174137,-0.883910755,51.89180924
E07000066,E92000001E07000066,319.1388897,444.4394166,763.5783063,174497,0.46794925,51.58962872
S12000038,S92000003S12000038,303.8383034,367.1866179,671.0249213,174908,-4.54149952,55.84788293
S12000040,S92000003S12000040,298.0336756,503.8183759,801.8520515,175118,-3.572397101,55.88508281
E08000013,E92000001E08000013,307.7216,492.8268646,800.5484646,175308,-2.722264129,53.45923358
E06000022,E92000001E06000022,309.3145318,372.5511257,681.8656575,176016,-2.473868634,51.35547755
E07000091,E92000001E07000091,336.4169826,456.2540224,792.671005,176462,-1.623343878,50.85776689
W06000018,W92000004W06000018,250.1643903,361.0951661,611.2595564,178806,-3.203729564,51.65289023
E09000013,E92000001E09000013,286.8759069,711.9880253,998.8639322,182493,-0.219203651,51.49450623
E06000019,E92000001E06000019,348.834445,656.3520907,1005.186536,183477,-2.743795161,52.10328207
E06000028,E92000001E06000028,325.2897992,414.0409786,739.3307778,183491,-1.856688449,50.74127771
E06000031,E92000001E06000031,294.4307919,596.1762078,890.6069997,183631,-0.251452744,52.60814304
W06000010,W92000004W06000010,303.5673011,617.9105336,921.4778347,183777,-4.161530803,51.89936997
E08000002,E92000001E08000002,327.2286506,353.1130917,680.3417423,185060,-2.311116221,53.58762774
E09000002,E92000001E09000002,267.8615049,400.2011736,668.0626785,185911,0.134829049,51.54344122
E09000027,E92000001E09000027,344.239148,374.1915782,718.4307262,186990,-0.310752693,51.44223034
E09000029,E92000001E09000029,332.877028,395.3657603,728.2427883,190146,-0.175993674,51.36154995
E06000004,E92000001E06000004,291.2578991,1155.900305,1447.158204,191610,-1.327341257,54.5626485
E06000014,E92000001E06000014,318.6291847,447.0762356,765.7054203,198051,-1.059856411,53.95853532
E09000024,E92000001E09000024,320.1692625,489.9402509,810.1095134,199693,-0.195673452,51.4094218
E08000020,E92000001E08000020,0,0,0,200214,-1.681354638,54.9352669
E08000022,E92000001E08000022,312.5624356,465.9239577,778.4863933,200801,-1.515539174,55.02803084
E06000007,E92000001E06000007,372.4816791,525.8581557,898.3398348,202228,-2.562204417,53.39856663
E06000024,E92000001E06000024,345.3699751,390.7621749,736.13215,202566,-2.799610968,51.38870507
E06000032,E92000001E06000032,291.2191214,388.9743154,680.1934368,203201,-0.424012102,51.89376488
E08000033,E92000001E08000033,333.5846267,513.0484462,846.6330729,203826,-1.971985096,53.72096233
E06000044,E92000001E06000044,317.4495441,659.8778589,977.327403,205056,-1.076958495,50.81988261
E09000019,E92000001E09000019,318.1123912,874.7761533,1192.888545,206125,-0.108640176,51.54796069
E08000029,E92000001E08000029,346.2144162,670.5681598,1016.782576,206674,-1.725631881,52.41274324
E06000030,E92000001E06000030,349.9950286,680.7489418,1030.74397,209156,-1.742388909,51.57108302
E08000005,E92000001E08000005,352.4645672,494.3471148,846.811682,211699,-2.156359339,53.61634072
E07000154,E92000001E07000154,355.2621545,592.7626913,948.0248458,212069,-0.885356958,52.2408367
E08000008,E92000001E08000008,374.1619215,427.109361,801.2712825,219324,-2.061314692,53.47721514
E09000007,E92000001E09000007,350.9118281,1296.068043,1646.979871,220338,-0.155812675,51.54588217
S12000033,S92000003S12000033,426.8565737,815.5633713,1242.419945,222793,-2.171988887,57.15598066
E08000004,E92000001E08000004,356.2900614,437.0577916,793.347853,224897,-2.049178335,53.55164079
E08000009,E92000001E08000009,407.6097762,1042.783389,1450.393165,226578,-2.353918186,53.41876011
E41000324,E92000001E41000324,0,0,0,226771,-0.150334382,51.51304649
E08000016,E92000001E08000016,337.404911,494.5459894,831.9509004,231221,-1.530977888,53.53557471
E09000004,E92000001E09000004,385.4906953,946.6468665,1332.137562,231997,0.144004208,51.46036499
S12000017,S92000003S12000017,667.3936605,1457.322162,2124.715823,232132,-4.760194502,57.57905691
E08000006,E92000001E08000006,441.0370788,557.9378384,998.9749171,233933,-2.368714742,53.48929199
W06000016,W92000004W06000016,334.5605981,521.6195314,856.1801295,234410,-3.43446382,51.64999384
E06000045,E92000001E06000045,398.101243,553.8419223,951.9431653,236882,-1.397303199,50.91644805
E09000016,E92000001E09000016,415.1058856,401.4725301,816.5784157,237232,0.222064289,51.56261972
W06000011,W92000004W06000011,351.8401069,588.6596067,940.4997136,239023,-4.0599947,51.64114485
E09000015,E92000001E09000015,355.968586,265.5517101,621.5202961,239056,-0.339682944,51.59722495
E09000012,E92000001E09000012,344.9158373,648.8079654,993.7238027,246270,-0.061718193,51.55176494
E06000015,E92000001E06000015,384.1664464,557.4608018,941.6272482,248752,-1.466837895,52.91222399
E06000042,E92000001E06000042,411.9125876,995.3372871,1407.249875,248821,-0.731956948,52.0834192
E06000021,E92000001E06000021,350.8627274,676.6990553,1027.561783,249008,-2.163121353,53.01774126
E08000031,E92000001E08000031,376.4822436,595.4935904,971.975834,249470,-2.119580175,52.58884706
S12000034,S92000003S12000034,596.9618974,933.3378119,1530.299709,252973,-2.62766312,57.24205754
E09000018,E92000001E09000018,385.1151227,918.464585,1303.579708,253957,-0.364565373,51.46798251
E09000030,E92000001E09000030,403.4645706,2229.507582,2632.972153,254096,-0.033037232,51.5152211
E06000056,E92000001E06000056,473.4798526,683.5620872,1157.04194,254381,-0.434413292,52.00624933
E09000011,E92000001E09000011,375.6624396,453.939766,829.6022056,254557,0.05719425,51.4738848
E09000014,E92000001E09000014,368.4088323,437.2439526,805.6527849,254926,-0.10587778,51.58986814
E06000026,E92000001E06000026,391.1576202,636.6534888,1027.811109,256384,-4.118709441,50.39117709
E06000010,E92000001E06000010,367.3238925,701.9054645,1069.229357,256406,-0.333661991,53.75966288
E08000018,E92000001E08000018,360.2715165,598.1213481,958.3928646,257280,-1.284696738,53.40837759
E09000031,E92000001E09000031,355.7461338,385.2022052,740.948339,258249,-0.011024888,51.5935386
E06000025,E92000001E06000025,425.4609325,745.3387676,1170.7997,262767,-2.469394794,51.54639255
E06000035,E92000001E06000035,435.1494907,422.7680579,857.9175486,263925,0.571055459,51.42520405
E08000030,E92000001E08000030,403.3611097,579.4023335,982.7634432,269323,-1.964917394,52.59891079
E06000043,E92000001E06000043,451.3884979,599.8837776,1051.272275,273369,-0.131547706,50.84289059
E08000014,E92000001E08000014,521.8137521,489.1869524,1011.000705,273790,-3.014853837,53.56508345
E09000017,E92000001E09000017,432.499285,926.2567044,1358.755989,273936,-0.444088505,51.54101443
E08000024,E92000001E08000024,412.9319189,686.2496835,1099.181602,275506,-1.450363851,54.88032501
E09000023,E92000001E09000023,414.2839674,367.9026131,782.1865805,275885,-0.018693658,51.4477678
E08000001,E92000001E08000001,477.4661863,556.5053478,1033.971534,276786,-2.465544486,53.57840849
E09000026,E92000001E09000026,407.0853893,303.9603967,711.045786,278970,0.077493044,51.58515452
E08000021,E92000001E08000021,428.1628719,881.4651055,1309.627977,280177,-1.656269531,55.00760238
E08000007,E92000001E08000007,518.1011923,571.307422,1089.408614,283275,-2.126659712,53.3937007
E09000028,E92000001E09000028,441.8796178,1299.870818,1741.750436,288283,-0.072442749,51.4737147
E08000017,E92000001E08000017,432.6954362,809.248844,1241.94428,302402,-1.094117403,53.54409307
E09000022,E92000001E09000022,441.4027284,705.0717972,1146.474526,303086,-0.116716313,51.45330225
E06000018,E92000001E06000018,459.1086854,809.3308883,1268.439574,305680,-1.174978844,52.96027351
E06000051,E92000001E06000051,551.8716072,944.2814606,1496.153068,306129,-2.73279797,52.63506752
E09000032,E92000001E09000032,499.2081416,553.8174835,1053.025625,306995,-0.18460547,51.45145601
E09000025,E92000001E09000025,377.4126565,1020.563358,1397.976014,307984,0.039185421,51.52633792
E08000028,E92000001E08000028,437.3022923,813.1652544,1250.467547,308063,-2.007556717,52.51508324
E09000006,E92000001E09000006,565.8845431,481.9166345,1047.801178,309392,0.053151326,51.37147957
E09000005,E92000001E09000005,427.7546032,600.5438742,1028.298477,311215,-0.266242058,51.55805058
E09000010,E92000001E09000010,500.5439724,552.2404658,1052.784438,312466,-0.085666296,51.65049987
E08000027,E92000001E08000027,477.6265191,590.6886945,1068.315214,312925,-2.107317412,52.48248592
S12000029,S92000003S12000029,615.4028288,835.3795421,1450.782371,313830,-3.809703327,55.61286106
E06000048,E92000001E06000048,0,0,0,316028,-2.06381917,55.24249236
E08000026,E92000001E08000026,503.6906726,815.4971664,1319.187839,316960,-1.518286146,52.41648574
E08000010,E92000001E08000010,529.2965103,650.3072569,1179.603767,317849,-2.588168115,53.52391649
E08000015,E92000001E08000015,602.1816455,516.4986787,1118.680324,319783,-3.091243692,53.36862208
E08000036,E92000001E08000036,487.3562019,1157.994813,1645.351015,325837,-1.410252817,53.66042005
E06000050,E92000001E06000050,669.899549,1585.330859,2255.230408,329608,-2.734446829,53.19992081
E06000016,E92000001E06000016,455.5057707,970.2187759,1425.724547,329839,-1.12693923,52.63755045
E06000011,E92000001E06000011,554.5555247,1117.870659,1672.426184,334179,-0.48048979,53.8675677
S12000044,S92000003S12000044,572.9607268,764.6225227,1337.58325,337727,-3.947073172,55.87488843
E09000009,E92000001E09000009,479.9746043,900.8229267,1380.797531,338449,-0.329450307,51.52196521
W06000015,W92000004W06000015,504.4270216,1045.136327,1549.563349,346090,-3.19828314,51.50796064
E09000003,E92000001E09000003,626.8867259,575.2579519,1202.144678,356386,-0.208417625,51.61552993
E09000008,E92000001E09000008,601.2015114,659.4163456,1260.617857,363378,-0.085558665,51.35480773
S12000015,S92000003S12000015,657.2732804,902.1505505,1559.423831,365198,-3.122155084,56.22923623
E06000049,E92000001E06000049,774.6261805,1039.867292,1814.493473,370127,-2.347942412,53.18013393
E08000034,E92000001E08000034,614.3877879,966.6312577,1581.019046,422458,-1.761714235,53.62714679
E06000023,E92000001E06000023,665.7068887,1147.957428,1813.664317,428234,-2.76928476,51.45217547
E08000012,E92000001E08000012,838.7491814,1164.260086,2003.009267,466415,-2.915696166,53.39523675
E06000054,E92000001E06000054,982.7723731,1307.117395,2289.889768,470981,-1.943297724,51.29713028
S12000036,S92000003S12000036,898.2883607,1351.981844,2250.270205,476626,-3.286941603,55.92659491
E08000003,E92000001E08000003,847.7125485,1777.771937,2625.484485,503127,-2.231041823,53.45128709
E06000047,E92000001E06000047,799.8879041,1263.125549,2063.013453,513242,-1.837991882,54.69532273
E08000032,E92000001E08000032,732.429792,1023.424042,1755.853834,522452,-1.853234978,53.84449399
E41000052,E92000001E41000052,0,0,0,534476,-4.83314627,50.40244263
E08000019,E92000001E08000019,760.0576987,1618.774916,2378.832615,552698,-1.548975262,53.40415739
S12000046,S92000003S12000046,1037.388531,1648.265437,2685.653968,593245,-4.251761101,55.8579558
E08000035,E92000001E08000035,1196.377195,2074.340273,3270.717468,751485,-1.504480328,53.82554279
E08000025,E92000001E08000025,1524.919651,2526.999354,4051.919005,1073045,-1.873273125,52.48823796
